question,label,generate_result,choice_result,logits
"题目： “泻南补北”法适用于
A. 肾阴虚而肝阳亢
B. 肾阴虚而相火动
C. 心阴虚而心阳亢
D. 肾阴虚而心火旺",D,D,D,"0.3670658078030583,0.6537474042425494,0.18630700045820747,0.8242470005654517"
"题目： 由于暑性升散，故致病可见
A. 易耗气伤津
B. 易为阳热症状
C. 易生风动血
D. 易伤人体上部及肌表",A,C,C,"0.30411513664004974,0.7968953290711974,0.9176469092654568,0.36791088500083613"
"题目： “血之府”是指
A. 肝
B. 脉
C. 冲脉
D. 心",B,C,C,"0.08822059227569279,0.6770073993988922,0.9590729631341351,0.7106692672641756"
"题目： “大实有羸状”的病机应属于
A. 真虚假实
B. 虚实夹杂
C. 真实假虚
D. 虚中夹实",C,B,B,"0.7132097911736879,0.9007510529806523,0.33638495363470755,0.2000232959009003"
"题目： 在五行生克关系中，下列哪项是错误的？
A. 木克土
B. 火生土
C. 水克木
D. 金生水",C,B,B,"0.7599144483106192,0.8435187644755604,0.4173471161229776,0.04015343615875022"
"题目： 患者身热，手足心热，微恶风寒，少汗，头昏心烦，口干，干咳少痰，鼻塞流涕，舌红少苔，脉细数。其治法为
A. 益气解表
B. 助阳解表
C. 滋阴解表
D. 养血解表",C,D,D,"0.3119171308306057,0.24209342387577526,0.09749394431467973,0.7984976984506843"
"题目： 不属于“阴盛则内寒“机理的是
A. 寒气积于胸中
B. 血凝泣
C. 卫气不得泄越
D. 脉不通",C,A,A,"0.9851902232980863,0.6388171609402346,0.33396135708580876,0.519738786710454"
"题目： 内湿的产生与哪一脏的关系最为密切
A. 肺
B. 肝
C. 肾
D. 脾",D,A,A,"0.9319239393313489,0.7005605037114325,0.06938578237068727,0.8535221557488457"
"题目： 罂粟壳每张处方用量规定为
A. 15～18g
B. 3～6g
C. 5～8g
D. 8～15g",B,D,D,"0.16952724653572748,0.009825184560720124,0.3393337397679257,0.3834670467808009"
"题目： 对机体各脏腑组织起着推动温煦作用的主要是
A. 脾气
B. 肾阳
C. 心阳
D. 肺气",B,C,C,"0.5997922897864241,0.28175112274387004,0.6983589359639766,0.0283177172409671"
"题目： 眩晕，失眠，健忘，心悸，面唇紫暗，耳鸣耳聋，舌有瘀点，脉弦涩。此眩晕证属
A. 肾精不足
B. 肝阳上亢
C. 痰浊中阻
D. 瘀血阻络",D,D,D,"0.3298725982906061,0.16083387452509068,0.7029425715663803,0.9141776009397062"
"题目： 病人肢体软弱，行动不便属
A. 瘫痪
B. 痿病
C. 痹病
D. 痫病",B,A,A,"0.9904968013201241,0.8872172128421864,0.5040563358665239,0.6873387243066316"
"题目： 在温病学方面，创立以“三焦为核心”的辨证论治方法的医家是
A. 朱丹溪
B. 吴又可
C. 吴鞠通
D. 刘完素",C,A,A,"0.49240463990163785,0.3054776883315937,0.22509623632944598,0.009147536732893369"
"题目： 据《素问·脉要精微论》，“五脏者，中之守也”是指
A. 五脏内藏气血
B. 五脏内舍五志
C. 五脏内藏精气
D. 五脏内守中气",C,B,B,"0.7228506391221676,0.8342703184954213,0.32283724795929436,0.776727985762352"
"题目： 据《素问·举痛论》，惊则
A. 气缓
B. 气上
C. 气结
D. 气乱",D,A,A,"0.5285316034958804,0.20135558891805294,0.07966578909745681,0.4050688946941787"
"题目： 导致人体生命死亡的根本病机是
A. 阴阳失调
B. 阴阳偏盛
C. 阴阳离决
D. 阴阳偏衰",C,B,B,"0.12310590582519443,0.42381702050970727,0.0371477107172965,0.3366624866656317"
"题目： 某男，23岁。面目一身俱黄，色鲜如橘色，纳呆、恶心，脘胀、胁痛、胁下有痞块，小便黄少，大便溏薄，舌红苔黄腻，脉弦数。临床诊断最可能是
A. 湿热蕴脾证
B. 寒湿困脾证
C. 大肠湿热证
D. 肝胆湿热证",D,D,D,"0.3771070120276103,0.08335442744503208,0.8778879494869344,0.9948445604185144"
"题目： 循行于下肢内侧前缘内踝上八寸以下的经脉是
A. 足阳明胃经
B. 足厥阴肝经
C. 足少阴肾经
D. 足太阴脾经",B,C,C,"0.21507543032609155,0.5663066300833515,0.6518150143984984,0.580589137796887"
"题目： 某男，42岁。干咳1年，未认真治疗，近因参加劳动，咳嗽加剧，并咳血数口，现痰中带血丝，心烦，自感手足心热，睡时常出汗，小便少，大便干，舌红苔少而干，脉细数。临床诊断最可能是
A. 热邪壅肺证
B. 燥邪犯肺证
C. 肝火犯肺证
D. 肺阴虚证",D,A,A,"0.5043671714985044,0.31382454073467214,0.14007195677457074,0.35199376934714854"
"题目： “主液”的腑是
A. 胆
B. 小肠
C. 胃
D. 大肠",B,C,C,"0.40779522168441196,0.9050054936360312,0.9728819549634351,0.14446871430876973"
"题目： 胃与小肠上口相接处为
A. 魄门
B. 幽门
C. 贲门
D. 阑门",B,C,C,"0.7886488098045716,0.008088215968757417,0.9098208491962545,0.5765934123952849"
"题目： 患者精神抑郁，表情淡漠，沉默痴呆，语无伦次，静而多喜少动，当诊为
A. 狂证
B. 郁证
C. 痴呆
D. 癫证",D,C,C,"0.6493008752409031,0.20106647039731518,0.8999669516224629,0.4035911029465471"
"题目： 半身不遂，口眼歪斜，舌强语蹇，偏身麻木，头晕目眩，舌质暗淡，舌苔白腻，脉弦滑。证属
A. 痰热腑实，风痰上扰
B. 肝阳暴亢，风火上扰
C. 元神败脱，神明散乱
D. 风痰瘀血，痹阻脉络",D,B,B,"0.33349689553402595,0.610585085357987,0.4915746033984574,0.18013637343721522"
"题目： 下列属于“用寒远寒”治法的是
A. 阴盛慎用寒药
B. 假寒慎用寒药
C. 冬季慎用寒药
D. 阳虚慎用寒药",C,A,A,"0.373609765350027,0.196932655093787,0.1506222222985787,0.1895737800775663"
"题目： 中国古代收方最多，为研究复方用药提供珍贵资料的方书典籍是
A. 太平圣惠方
B. 本草纲目
C. 黄帝内经
D. 普济方",D,B,B,"0.6894780134693611,0.9790209849410842,0.7184791668280067,0.22971138577992678"
"题目： 益母草的功效是
A. 活血、利尿、清热、解毒
B. 活血、利尿、清热、通便
C. 活血、利尿、凉血、止血
D. 活血、利尿、消症、散结",A,B,B,"0.012312886004196666,0.8082781863635646,0.06804237409778469,0.757213515978349"
"题目： 喘息，呼吸气促，胸部胀闷，咳嗽，痰多稀薄色白，兼有头痛，鼻塞，恶寒无汗，舌苔薄白而滑，脉浮紧。其喘证证属
A. 痰浊阻肺
B. 风寒袭肺
C. 肺气郁痹
D. 表寒里热",B,B,B,"0.3207908807400284,0.6275241079786058,0.5661019538755138,0.1843870064278812"
"题目： 脾胃气虚的面色是
A. 面色萎黄
B. 面目一身俱黄
C. 面色青黄
D. 面黄虚浮",D,C,C,"0.18947801734455216,0.05854761180064316,0.4390699976468342,0.387174537334972"
"题目： 三国演义有“望梅止渴”的典故，延伸至临床的情志护理是属于
A. 暗示疗法
B. 释疑解惑
C. 发泄解郁
D. 诱导疗法",A,D,D,"0.543575793554917,0.4954888092877662,0.26896558198470233,0.7151730255880874"
"题目： 劳力过度主要伤及
A. 精
B. 气
C. 神
D. 血",B,D,D,"0.2848732940769245,0.13643552631977685,0.3518535730031547,0.7299661853730448"
"题目： 下列除哪项外，均为风寒感冒与风热感冒的主要鉴别依据
A. 流涕的清与浊
B. 头痛身疼与否
C. 恶寒发热的孰轻孰重
D. 渴与不渴",B,C,C,"0.42263576980100903,0.2190535447965295,0.6121073656850909,0.011611478380575746"
"题目： 某女，45岁。2天前食后受凉，腹泻不止，日行六七次，水样便，腹微痛，纳呆恶心，小便短少，舌苔白厚腻，脉缓。临床诊断最可能是
A. 胃寒证
B. 脾阳虚证
C. 外感寒湿证
D. 寒湿困脾证",D,A,A,"0.963954878408639,0.5175274773497708,0.8632697334435397,0.2570109605043268"
"题目： 某女，58岁。近半月因工作劳累过度，时感气短乏力，与别人争执后心前区胀痛，且放射到左肩背部，伴心悸失眠，舌淡红苔薄白，脉沉弦。临床诊断最可能是
A. 气滞血瘀证
B. 心气虚证
C. 气滞心脉证
D. 肝气郁结证",C,B,B,"0.372732738545944,0.9085977443483173,0.4854317774937291,0.0983590827425439"
"题目： 患者胸闷如窒而痛，痛引肩背，气短喘息，形体较胖，肢体困重，痰多，苔浊腻，脉滑。此胸痹证属
A. 阴寒凝滞
B. 心血瘀阻
C. 痰浊壅塞
D. 阳气虚衰",C,C,C,"0.1664915058145846,0.06656701107821639,0.5309642607872548,0.24063191109294413"
"题目： 胃的生理功能是
A. 主持诸气
B. 受纳腐熟
C. 传化糟粕
D. 受盛化物",B,C,C,"0.2689965928031961,0.1923328146538419,0.7353492485309144,0.3216490196231845"
"题目： 与甘草联用能增强抗炎、抗变态反应的西药是
A. 氢化可的松
B. 氯氮平
C. 呋喃唑酮
D. 碳酸锂",A,B,B,"0.40621765772138096,0.5965142531970556,0.5181341293051736,0.2766691001785333"
"题目： 《素问·至真要大论》对“诸寒之而热者”宜采用的治法为
A. 取之寒
B. 取之热
C. 取之阳
D. 取之阴",D,A,A,"0.5973339790106862,0.08216892461915026,0.2021008787838835,0.0852661516457075"
"题目： 下列不宜用阴阳的基本概念来概括的是
A. 动与静
B. 邪与正
C. 上与下
D. 寒与热",B,C,C,"0.7188138675556933,0.6561269542013747,0.8656110584326364,0.813567009792546"
"题目： 某女，42岁。胸中烦热，口苦咽干，腹痛喜暖，大便稀溏。临床诊断最可能是
A. 真寒假热证
B. 真热假寒证
C. 表实里虚证
D. 上热下寒证",A,B,B,"0.2656957497613318,0.8941924386760173,0.4075655163837013,0.8207738513867274"
"题目： 被称为“水谷之海”的是
A. 小肠
B. 脾
C. 大肠
D. 胃",D,A,A,"0.8130903963273541,0.5039575116750845,0.5472934136842915,0.08483269850341635"
"题目： 中医学整体观念的内涵是
A. 时令晨昏对人体有影响
B. 人体是一个整体，人和自然界相互统一
C. 五脏与六腑是一个整体
D. 自然界是一个整体",B,D,D,"0.7210138971357876,0.576711503668158,0.39146155439466823,0.9245866181447127"
"题目： 长期使用会造成肾衰的成分是
A. 甘草酸
B. 甘草甜素
C. 马兜铃酸
D. 鞣酸",C,D,D,"0.5069800342341297,0.32146478495500463,0.1844190128706812,0.7491211507750167"
"题目： 香加皮的主要不良反应是
A. 心律失常，如心率减慢、早搏、房室传导阻滞
B. 直接作用于中枢神经系统，甚或因呼吸中枢完全麻痹而致死
C. 恶心呕吐，腹痛腹泻，重者可见黄疸、肝肿大、消化道出血
D. 血小板、白细胞、血红蛋白减少，并可发生急性粒细胞减少",A,A,A,"0.8738714869174312,0.06844865546688372,0.41524104526336125,0.18278668142604393"
"题目： 以根、茎、种子类为主的汤剂，煎煮前需浸泡
A. 10-15分钟
B. 60分钟
C. 20-30分钟
D. 30-45分钟",B,C,C,"0.44226112249751615,0.5178073464971792,0.664759968683684,0.4272119054020378"
"题目： 下列中成药联合用药合理的是
A. 珍菊降压片与复方枇杷糖浆
B. 天麻丸与川贝枇杷胶囊
C. 苏合香丸与胆宁片
D. 二陈丸与平胃散",D,D,D,"0.2537630672046065,0.24732999853829107,0.5213854364735269,0.865213023599076"
"题目： 言人身脏腑之阴阳，则脾为
A. 阴中之至阴
B. 阴中之阳
C. 阴中之阴
D. 阳中之阴",A,B,B,"0.5918392385327715,0.6689037655198299,0.06799282368453219,0.386576469338057"
"题目： 根据病情和药效，健胃药宜
A. 早餐后服
B. 饭后服
C. 睡前服
D. 空腹服",B,C,C,"0.06457180740849788,0.24224876609700619,0.5950348356418396,0.03280082483788693"
"题目： 与语言、声音、呼吸的强弱有关的是
A. 宗气
B. 营气
C. 卫气
D. 元气",A,C,C,"0.314267112961121,0.7605608351152997,0.9123185008554112,0.3882727825729234"
"题目： 对虚实错杂证运用先攻后补治则的主要根据是
A. 正气虽虚尚可耐攻
B. 先扶正可致留邪
C. 先祛邪不会伤正
D. 标症紧急先治其标",A,C,C,"0.862439022787441,0.20287332441442796,0.9262563542313395,0.039277367744827596"
"题目： 按五行相生相克的规律，以下哪一条是错误的?
A. 木为水之子
B. 水为火之所不胜
C. 火为土之母
D. 金为木之所胜",D,A,A,"0.8681566191849339,0.617065746483464,0.20443970249740473,0.7998000739858433"
"题目： 在服用补益药期间偶遇外感，为防“闭门留寇”，最好
A. 增加服药次数
B. 停服
C. 减轻药量
D. 减少服药次数",B,D,D,"0.1757806880462649,0.07803541136642045,0.161651982625868,0.7592785631860067"
"题目： 不属于养生基本原则的是
A. 辨证论治
B. “节阴阳而调刚柔“的守中思想
C. “治未病“的预防思想
D. 突出精神心理健康",A,C,C,"0.10392454736108514,0.1743460840391975,0.71999407254871,0.27673769916263435"
"题目： 心悸不安，精神涣散，多由下列何种因素引起?
A. 悲伤肺
B. 怒伤肝
C. 喜伤心
D. 思伤脾",C,C,C,"0.7044941251061101,0.39263258978743076,0.8740629934299536,0.577530255994561"
"题目： 酸痛的常见病因是
A. 湿侵肌肉关节
B. 火邪窜至经络
C. 寒邪阻滞经络
D. 气血亏虚",A,D,D,"0.8428353576503249,0.0035937195640096675,0.43166263956059103,0.99269680849155"
"题目： 某女，29岁。2年来月经量多色淡，近半年失眠心悸，头晕眼花，纳少，腹胀，面唇淡白，舌淡苔少，脉弱。临床诊断最可能是
A. 心血虚证
B. 肝血虚证
C. 心肝血虚证
D. 心脾两虚证",D,A,A,"0.9551337165954261,0.615724586111187,0.04930842043264794,0.3344445800581093"
"题目： 某女，42岁。患“慢性胃炎“3年，胃脘隐痛，食后胀满，嗳气呃逆，虽饥而不欲多食，大便干，舌红无苔，脉细无力。临床诊断最可能是
A. 胃阴虚证
B. 脾胃气虚证
C. 脾阴虚证
D. 脾气虚证",A,C,C,"0.04812753698715633,0.3771520886798235,0.9721090948639275,0.8970193588797367"
"题目： 处方名益智仁，调剂时应付
A. 蜜炙品
B. 醋制品
C. 煅制品
D. 盐炙品",D,A,A,"0.8460447729927537,0.03854865215121317,0.06754732003109709,0.786248099293798"
"题目： 痰与饮的主要区别是
A. 色黄者为痰，色白者为饮
B. 得阳气煎熬而成者为痰，受阴气凝聚而成者为饮。
C. 浓度较大，较粘稠者为痰；浓度较小，较清稀者为饮。
D. 热者为痰，寒者为饮。",C,B,B,"0.556742136782364,0.9196884651630408,0.9029848608912711,0.4014657646741552"
"题目： 形成阴疽流注的病因多为
A. 暑邪
B. 瘀血
C. 痰饮
D. 热邪",C,C,C,"0.6227947643722227,0.012747103398847992,0.9561488604638536,0.7294988732449089"
"题目： 患者喘促日久，呼多吸少，气不得续，动则喘甚，小便常因咳甚而失禁，形瘦神疲，汗出肢冷，面唇青紫，宜选用的方剂是
A. 百合固金汤
B. 金匮肾气丸
C. 麻黄汤
D. 桑白皮汤",B,B,B,"0.3400739743385969,0.9680030249087637,0.013404178374593623,0.4685895796438556"
"题目： “益火之源，以消阴翳”的治法适用于
A. 实热证
B. 实寒证
C. 虚热证
D. 虚寒证",D,A,A,"0.8054251202915025,0.5282041271144273,0.46805425242669174,0.28375401001476785"
"题目： 具有行气血作用的气是
A. 营气
B. 元气
C. 宗气
D. 卫气",C,D,D,"0.5577932839995107,0.8687064510304939,0.8230030034262911,0.9001165774446532"
"题目： 据《素问·五常政大论》，能毒者当以
A. 薄药
B. 无毒药
C. 厚药
D. 针石",C,A,A,"0.974493440626705,0.21133015899787877,0.19840126034410654,0.47364535622792237"
"题目： 某男，40岁。长期胃部胀痛，近半年脘胀痞满益甚，胸闷气塞，纳差，大便3日一行，但不干燥，伴气短乏力，检查腹部按之软。舌淡，苔少，脉弱。临床诊断最可能是
A. 里实证
B. 真虚假实证
C. 里虚证
D. 真实假虚证",D,A,A,"0.6761021543159967,0.6750953543367146,0.2621737128070446,0.6715773101778371"
"题目： 脾之华在
A. 毛
B. 发
C. 面
D. 唇",D,B,B,"0.8076354577128867,0.9471915042187392,0.1616063680311104,0.7045362799995852"
"题目： 机体精神活动的物质基础是
A. 津
B. 血
C. 精
D. 气",B,B,B,"0.23624128918524034,0.9880032429255504,0.9308132984748211,0.2972240707116227"
"题目： 不属于谷食精气输布运行过程的是
A. 通调水道，下输膀胱
B. 脾气散精，上归于肺
C. 浊阴归六腑
D. 精气上输于脾",C,B,B,"0.008634749002334519,0.9520761165777428,0.8778515275096689,0.9046501013060906"
"题目： “用热远热，用寒远寒”是指治疗用药应注意
A. 因时制宜
B. 因地制宜
C. 因人制宜
D. 治标",A,C,C,"0.13377295946199086,0.1855886474681363,0.7617622727376965,0.5116018002532503"
"题目： 下列除哪项外，均为饮食停滞型腹痛的主症
A. 嗳腐吞酸
B. 脘腹胀满
C. 疼痛拒按
D. 舌红少苔，脉细数",D,B,B,"0.5833272315657863,0.8619020792526745,0.5105359269244992,0.044488816090470285"
"题目： 脾病面色黄，见何种脉时为逆
A. 洪脉
B. 弦脉
C. 浮脉
D. 缓脉",B,C,C,"0.06702703812654809,0.00688961918600306,0.35314215657587444,0.31388131106487016"
"题目： 某男，25岁。因腹泻就诊。症见腹痛肠鸣，泻下粪便臭如败卵，伴有未消化食物，泻后痛减，嗳腐吞酸，不思饮食。舌苔厚腻，脉滑。宜选用的中成药是
A. 四神丸
B. 参苓白术散
C. 保和丸
D. 葛根芩连丸",C,D,D,"0.5854456528388974,0.0046690377665589144,0.6736363792140434,0.9360274648781706"
"题目： 苍耳子的主要不良反应是
A. 血小板、白细胞、血红蛋白减少，并可发生急性粒细胞减少
B. 恶心呕吐，腹痛腹泻，重者可见黄疸、肝肿大、消化道出血
C. 直接作用于中枢神经系统，甚或因呼吸中枢完全麻痹而致死
D. 导致精子产生和成熟发生障碍，抑制女性患者的卵巢功能",B,A,A,"0.9517469280596127,0.11098741055241212,0.0035197571873756273,0.8433645391348555"
"题目： 据《素问·脉要精微论》，“梦哭”是由于
A. 肾气盛
B. 肺气盛
C. 肾气虚
D. 肺气虚",B,A,A,"0.32819018067484984,0.022041374709942496,0.08151610400775,0.23203055603720113"
"题目： 服用银翘解毒丸宜用的“药引”是
A. 盐水
B. 焦三仙煎汤
C. 芦根煎汤
D. 黄酒",C,D,D,"0.016014941849492814,0.3115835077874115,0.059183015120192306,0.5822154480039622"
"题目： 六腑共同的生理特点是
A. 化生精气
B. 实而不满
C. 储藏精气
D. 藏而不泻",B,A,A,"0.9300610143585459,0.07503514498636688,0.01859837834266964,0.605213766249121"
"题目： 据《素问·五藏别论》六腑的功能是
A. 传化物而不藏
B. 满而不能实
C. 泻而不藏
D. 藏精气而不泻也",A,C,C,"0.5472602612765649,0.6704495359371299,0.9611772384092858,0.7937503180112859"
"题目： 乳食内积导致的食积，治宜选用的方剂是
A. 消乳丸
B. 保和丸
C. 消积理脾汤
D. 枳术丸",A,A,A,"0.9394050244256427,0.9002240083955022,0.9391345580672884,0.20481047624990412"
"题目： 不属于六腑生理功能特点的是
A. 其气象天
B. 泻而不藏
C. 天气之所生
D. 象于地",D,C,C,"0.32291471628553314,0.5307203594846412,0.6617672622301158,0.4328018712532753"
"题目： 下列无收涩敛疮功效的药物是
A. 乌贼骨
B. 乳香
C. 孩儿茶
D. 炉甘石",B,A,A,"0.4057351838741149,0.37929952727532823,0.3916755337659954,0.056878114208886776"
"题目： 干咳少痰，或痰液胶粘难咯，多因感受哪种病邪?
A. 寒邪
B. 燥邪
C. 风邪
D. 暑邪",B,A,A,"0.9182981959666598,0.4995819475487542,0.5524522447039766,0.43640918643873805"
"题目： 患者咳逆阵作，痰中带血，时时汗出，胸胁胀痛，口苦咽干，尿黄便秘，舌红苔薄黄，脉弦数。其诊断是
A. 肺痨，阴虚火旺
B. 肺痈，成痈期
C. 咳嗽，肝火犯肺
D. 咯血，肝火犯肺",D,D,D,"0.09353120173894636,0.016732591893085957,0.5647921592627214,0.9752870273287891"
"题目： 《素问·上古天真论》认为男子衰老始于
A. 四八
B. 四七
C. 五八
D. 五七",C,A,A,"0.8128751742031745,0.03569473518944877,0.2578135240463729,0.3127804929525214"
"题目： 《素问·五脏别论》称为“满而不能实”者是指
A. 六腑
B. 奇恒之腑
C. 五脏
D. 脏腑",C,C,C,"0.8064733515756516,0.2910946069298479,0.9445611677240752,0.09771017137626492"
"题目： 灌注于骨节、脏腑、脑髓的是
A. 气
B. 血
C. 液
D. 津",C,C,C,"0.5883857788783399,0.9605212444971961,0.9766027432239728,0.014127417847755064"
"题目： 偏阴质在用药上的使用注意是
A. 宜用温性药，忌用苦寒药
B. 宜用凉润药，忌用辛香燥热药
C. 宜用凉润药，忌用温热药
D. 宜用寒性药，忌用温热药",A,B,B,"0.028772839919666837,0.78584720808756,0.2966540964629947,0.1925182028010639"
"题目： 中医养生的三个层次包括
A. 养身、养病、养心
B. 养身、养性、养心
C. 养身、养性、养神
D. 养病、养性、养心",B,A,A,"0.8966946420260153,0.5212177985937191,0.7027002382732055,0.12616109419384502"
"题目： 《素问·六节藏象论》所论的五脏的“其华”中，心其华在
A. 骨
B. 筋
C. 面
D. 血",C,C,C,"0.2079125870180687,0.020740682246483733,0.8644578245689006,0.2218447048802772"
"题目： 宜与土鳖虫对抗贮存的是
A. 黑豆
B. 花椒
C. 大蒜
D. 冰片",C,A,A,"0.6065570050016705,0.23750475535838622,0.32067123740254966,0.17667394601484498"
"题目： 春季人体肝气、脾气相对不足，易精神倦怠，嗜睡，应适当控制睡眠时间，起居方面应遵循
A. 夜卧晚起
B. 早卧晚起
C. 夜卧早起
D. 早卧早起",C,A,A,"0.90721429039201,0.4323480387960218,0.5211861987613932,0.8874227499949774"
"题目： 据《素问·热论》，其满三日者当用
A. 泄热之法
B. 泻下之法
C. 涌吐之法
D. 发汗之法",A,C,C,"0.19427573679018817,0.14506374220861262,0.9297296588397854,0.7238517102703423"
"题目： 《素问·至真要大论》中对“留者”病证的治疗宜采用
A. 攻之
B. 散之
C. 削之
D. 除之",A,C,C,"0.5037963764249255,0.2908325154579232,0.8600348953782695,0.09236369258447263"
"题目： 某男，35岁。舌左侧长一个黄豆大小的溃疡已一周，局部灼痛难耐，烦躁易怒，失眠多梦，溲赤便干，舌红苔黄干，脉滑数。临床诊断最可能是
A. 肝胆湿热证
B. 胃火亢盛证
C. 心火亢盛证
D. 肝火上炎证",C,A,A,"0.756784744093856,0.6783858093394456,0.050759453650916164,0.26807459562410985"
"题目： 不属于“阳盛则外热“机理的是
A. 热气熏胸中
B. 上焦不通利
C. 腠理闭塞
D. 皮肤致密",A,A,A,"0.9131277961427379,0.13675964197331913,0.4488735519387278,0.5706025790525134"
"题目： 中医治疗疾病的基本原则是
A. 调整阴阳
B. 治病求本
C. 扶正祛邪
D. 因地制宜",B,B,B,"0.04792597760726691,0.544460101703337,0.4888639540859989,0.1412709103160884"
"题目： 某女，26岁。新婚第3天，即发热，腰痛，尿频尿急，尿道灼痛，小便黄少，舌红苔黄，脉数。临床诊断最可能是
A. 小肠实热证
B. 湿热下注证
C. 膀胱湿热证
D. 热结膀胱证",C,D,D,"0.39143748521921073,0.10544280950275753,0.27162906169107814,0.7726772358505534"
"题目： 功能活血止痛，行气解郁，凉血清心，利胆退黄的药是
A. 郁金
B. 栀子
C. 大黄
D. 虎杖",A,D,D,"0.22727891057281324,0.06881041185232095,0.30053015612382816,0.9720243314856118"
"题目： 据《素问·六节藏象论》，五脏中其华在发的是
A. 肺
B. 肝
C. 心
D. 肾",D,C,C,"0.7620671516169973,0.14648271013467606,0.8225162764606392,0.2549183860302421"
"题目： 分布于面颊部的经脉是
A. 足少阳胆经
B. 手太阳小肠经
C. 足阳明胃经
D. 手少阳三焦经",B,D,D,"0.1405947265589006,0.5844343652487265,0.6959645850200559,0.8113748533714259"
"题目： “动极者镇之以静，阴亢者胜之以阳”说明了阴阳之间的何种关系
A. 阴阳对立制约
B. 阴阳相互消长
C. 阴阳相互转化
D. 阴阳互根互用",A,D,D,"0.7094378934002491,0.5259744683282751,0.40570176528852153,0.718361916922602"
"题目： 久病畏寒的主要病因是
A. 风邪袭表
B. 寒邪内侵
C. 阳气虚衰
D. 湿邪外袭",C,A,A,"0.7427247292551165,0.2481592698683538,0.6719579150540532,0.5133102126659967"
"题目： 脾统血的含义是
A. 脾有贮藏血液的作用
B. 脾有调节经脉中血流量的作用
C. 脾有统摄血液在经脉中运行的作用
D. 脾有推动血液在经脉中流行的作用",C,C,C,"0.31499143362294246,0.4828978789538151,0.703142744545663,0.24367279871333936"
"题目： 膀胱贮存和排泄小便，主要依赖于
A. 肝的疏泄作用
B. 膀胱的气化作用
C. 肾的气化作用
D. 肺的宣发肃降作用",C,D,D,"0.026007165209755878,0.5151735069549418,0.2631299217591765,0.5675710877024969"
"题目： 下列哪项不是四逆汤中配伍炙甘草的用意
A. 调和诸药
B. 解生附子之毒
C. 缓干姜之峻
D. 缓生附子之峻",A,D,D,"0.45413410398959,0.12505448038698985,0.37628574547364024,0.76265266920212"
"题目： 在《素问·脉要精微论》中，精明之府是指
A. 髓
B. 耳
C. 头
D. 目",C,A,A,"0.9176465405785431,0.39081372053703745,0.11885065780472681,0.8765406191753637"
"题目： 属于阴中之阳的时间是
A. 上午
B. 前半夜
C. 后半夜
D. 下午",C,B,B,"0.35809066712944915,0.9423112496266213,0.017468257023863676,0.08159461117492683"
"题目： 面色发黑的主病是
A. 血虚
B. 寒症
C. 气虚
D. 惊风",B,A,A,"0.9313122533829116,0.4073032706989159,0.04087046792488269,0.2854653020503539"
"题目： 某女，3岁。患“乙脑“病8天，低热不退，颧红盗汗，失语，手足蠕动，舌红绛苔无，脉细数。临床诊断最可能是
A. 肝肾阴虚
B. 肾阴虚
C. 肝阴虚
D. 阴虚动风",D,D,D,"0.21306590373291734,0.49392356457644704,0.5884080585321181,0.6732697779830822"
"题目： 发热，口渴，胸痛，咯痰黄稠不爽，舌红，苔黄，脉滑数。风温证属
A. 邪犯肺卫
B. 热入心营
C. 邪热壅肺
D. 热郁阳明",C,A,A,"0.5914897045806974,0.3702720926738179,0.22291138314541337,0.5476341715446587"
"题目： 五行中土的特性是
A. 阳热、上炎
B. 长养、化育
C. 清静、收杀
D. 生发、柔和",B,A,A,"0.7478525507974961,0.35275748073456903,0.24839210746493823,0.08229369608008874"
"题目： 导致泄泻的关键病机是
A. 脾虚湿盛
B. 脾胃虚弱
C. 食滞胃肠
D. 脾肾阳虚",A,A,A,"0.7703044785375305,0.0488042874062965,0.492798722220667,0.6469526712953151"
"题目： 阴偏胜所致证候是：参考答案
A. 虚寒证
B. 实热证
C. 虚热证
D. 实寒证",D,C,C,"0.08590214464614165,0.4086637714395628,0.6500467452462169,0.22031314863865792"
"题目： 囟填的原因是
A. 邪热亢盛
B. 肾精亏损
C. 津液亏损
D. 外感风邪",B,A,A,"0.7836374955205313,0.5059317490520977,0.7821539003272733,0.15104062459138223"
"题目： 患者，女，25岁，妊娠8周。下列各项，可以服用的药组是
A. 三棱、莪术、水蛭
B. 当归、阿胶、丹参
C. 巴豆、牵牛子、商陆
D. 斑蝥、麝香、虻虫",B,D,D,"0.7070552164627726,0.3545050862436063,0.6065769643705459,0.7502862132998118"
"题目： 《素问·五常政大论》认为，治温病用凉药，服药宜
A. 凉而行之
B. 冷而行之
C. 温而行之
D. 热而行之",B,D,D,"0.7952419951555675,0.016518122924179424,0.8009482456645374,0.965450001086978"
"题目： 中医学“证”的概念是
A. 对疾病症状与体征的分析过程
B. 对疾病症状与体征的调查过程
C. 疾病的症状与体征
D. 疾病发展过程中某一阶段的病理概括",D,B,B,"0.24743798368963676,0.975159338367833,0.5185496928708193,0.5222142584949045"
"题目： 下列除哪项外，均为狂证的特征
A. 动而多怒
B. 精神亢奋
C. 狂燥不安
D. 表情淡漠",D,C,C,"0.5137962110560442,0.317545810127287,0.6372578704065821,0.028153698893756074"
"题目： 在中医观察舌象的目的中哪项不对
A. 了解病位深浅
B. 判断正气盛衰
C. 辨别病位深浅
D. 区别病邪性质",A,D,D,"0.08478631097458733,0.460847080385416,0.7568305679623657,0.8181947324431287"
"题目： 因情志刺激，突然出现下焦胀满，甚至小便失禁。此因
A. 喜则气缓
B. 恐则气下
C. 惊则气乱
D. 悲则气消",B,D,D,"0.20134178967819716,0.506564197984031,0.00548320397293145,0.5817291184572113"
"题目： 属于中医治则的是
A. 扶正
B. 催吐
C. 发汗
D. 调和",A,A,A,"0.8916219982840626,0.6312662836730067,0.7455775809095432,0.21064453867833954"
"题目： 治疗阴暑，宜选用的方剂是
A. 四物汤
B. 香薷饮
C. 左归丸
D. 白虎汤",B,A,A,"0.943612728036995,0.6309364596074443,0.26017720885209183,0.08369044014229365"
"题目： 与情志抑郁最为关联的是
A. 肝失疏泄
B. 心神不足
C. 肝升太过
D. 髓海空虚",A,D,D,"0.11136903553872035,0.680575441648228,0.4724251150752081,0.8466387394341122"
"题目： 下列不属于调养正气的方法是
A. 加强锻炼
B. 外避病邪
C. 调摄精神
D. 起居有常",B,D,D,"0.11821374446200095,0.4647848887515842,0.11954747212351136,0.961425318960897"
"题目： 质地沉重的矿石、化石、贝壳类药物，多放在斗架的
A. 较下层
B. 中上层
C. 中下层
D. 高层",A,D,D,"0.25792059649432464,0.22022719259966994,0.18130603975466741,0.3572523759790166"
"题目： 下面既是病理产物，又是致病因素的是
A. 六淫
B. 饮食
C. 七情
D. 瘀血",D,C,C,"0.8193372373886425,0.27521255259135124,0.8275415539501323,0.8031133876167126"
"题目： 某患者，于夏日感受暑湿，身热烦渴，小便不利，大便泄泻。治疗宜首选的方剂是
A. 香薷散
B. 参苓白术散
C. 六一散
D. 藿香正气散",C,A,A,"0.9796592940927787,0.9608905345454054,0.325456726804192,0.844904654436504"
"题目： 少阳经在头部经过的部位是
A. 侧头部
B. 头后部
C. 头顶部
D. 前额部",A,A,A,"0.9426743915362445,0.07391129106358851,0.8453945075054247,0.6489741128132464"
"题目： 患者阳痿不举，面白神疲，腰膝酸软，形寒肢冷，舌迟沉。诊断为
A. 脾虚气陷证
B. 气不摄津证
C. 肾气不固证
D. 肾阳虚证",D,A,A,"0.9590771447220783,0.2651875554775517,0.851902997540069,0.9298346633674007"
"题目： 痫证小发作时不发生
A. 突然仆地
B. 动作中断
C. 头向前倾
D. 持物落地",A,C,C,"0.37009209853662484,0.05625929137338315,0.6553769683920289,0.24333262997040062"
"题目： 患者，男，65岁。近期表现肢体关节疼痛，游走不定，屈伸不利，伴恶风发热，苔薄白，脉浮等症状。根据六淫致病特点，上述病证体现了该邪气什么致病特点
A. 善行
B. 开泄
C. 干涩
D. 凝滞",A,C,C,"0.07087561985127955,0.2675010591722914,0.4415753752648638,0.2861031168556194"
"题目： 《金匮要略》所说：“见肝之病，知肝传脾”，是指
A. 土侮木
B. 子病犯母
C. 木乘土
D. 母病及子",C,C,C,"0.570059678937774,0.1811231168234615,0.8511640007477796,0.6693845490098206"
"题目： 某男，25岁。前日开始，右胸胁部泛起疱疹，灼热疼痛，口苦咽干，烦躁不安、溲赤便干，舌边红苔黄腻，脉弦数。临床诊断最可能是
A. 肝胆湿热证
B. 血热证
C. 湿热蕴脾证
D. 血热生风证",A,C,C,"0.9058016316654968,0.33107074380261214,0.9752459035717667,0.76675007451379"
"题目： 某女，32岁。下岗后心情不好，近半月自感胃脘痞满，嗳气时作，纳谷不香，胸闷喜叹息，舌正常，脉弦。临床诊断最可能是
A. 肝气郁结证
B. 肝胃不和证
C. 肝郁脾虚证
D. 肝气横逆证",B,A,A,"0.9337568283324251,0.35061853657774233,0.31659609716204595,0.45081495542243977"
"题目： 满面通红的病机是
A. 真寒假热
B. 邪热亢盛
C. 虚阳上越
D. 阴虚火旺",B,D,D,"0.8328683223288925,0.8716862861443605,0.31603698522098755,0.9402885675819638"
"题目： 肿的基本病理是
A. 筋络阻塞气滞血瘀
B. 血瘀痰阻
C. 毒邪滞留
D. 痰湿内蕴",A,B,B,"0.4939735652412979,0.6620990537572354,0.26896956900582736,0.6466895841593722"
"题目： 患者咳嗽剧烈，气粗，喉燥咽痛，咯痰不爽，痰粘色黄，常伴鼻塞流黄涕，口渴，头痛，发热恶风，舌苔薄黄，脉浮数。其证属
A. 痰湿犯肺
B. 风热犯肺
C. 风寒袭肺
D. 痰热郁肺",B,B,B,"0.3630576013954536,0.8044189658658856,0.6602119789305534,0.4151286073660747"
"题目： 肾所藏之精是指
A. 先天之精
B. 包括先天之精和后天之精
C. 生殖之精
D. 后天之精",B,C,C,"0.2418588952622236,0.596938743628854,0.7360085849937755,0.07392891867842899"
"题目： 某女，65岁。咳喘15年，每至冬季加重，面色淡白，咳声无力，动则气喘，痰清稀色白，四肢轻度浮肿，舌淡苔白，脉弱。临床诊断最可能是
A. 肾不纳气证
B. 心肺气虚证
C. 肺气虚证
D. 肺肾气虚证",C,D,D,"0.024561459187057655,0.6396079346564395,0.03270735639175959,0.6505307684952106"
"题目： 患者，男，48岁，胃脘胀痛2周，连及胁肋，嗳气后疼痛减轻，每于情志刺激时胃痛加重，食欲不振，嘈杂吞酸，舌红，苔薄白，脉弦。该患者辨证为
A. 肝胃不和
B. 寒凝气滞
C. 肝胃郁热
D. 饮食停滞",C,D,D,"0.07784881668856147,0.17190377747595376,0.14923093217685113,0.8943248099904145"
"题目： 血瘀致痛的特点是
A. 空痛
B. 胀痛
C. 刺痛
D. 重痛",C,D,D,"0.46148453386800103,0.4549347333787038,0.548426633892535,0.6389267834107548"
"题目： 能产生天癸的物质是
A. 水谷精微
B. 命门之火
C. 冲任气血
D. 肾精",D,D,D,"0.5790648663964271,0.8908581458296275,0.062287715097204766,0.8927165410701801"
"题目： 实喘的主要病变脏腑是
A. 心
B. 肾
C. 肺
D. 肝",C,B,B,"0.6819630504985875,0.9092600834672324,0.0015685753260716861,0.849823099800222"
"题目： 孙络是指
A. 十二皮部的络脉
B. 络脉中最细小的分支
C. 十五别络
D. 行于浅表部位的络脉",B,C,C,"0.45451002774699767,0.8223888930823819,0.8887979331126221,0.17128497621732064"
"题目： 在阴阳失调病机中，阳偏衰以哪脏为根本
A. 脾
B. 心
C. 肾
D. 肝",C,A,A,"0.8894651105421201,0.6865064440065326,0.4874465043337519,0.4339713054579716"
"题目： 下列不为郁证特征的是：
A. 胁肋胀痛
B. 易怒善哭
C. 潮热盗汗
D. 精神抑郁",C,A,A,"0.9793306843141685,0.08300033187183731,0.9734572096930734,0.38821777851753636"
"题目： 因含砷类对肾有影响的中药是
A. 细辛
B. 鱼胆
C. 雄黄
D. 朱砂",C,D,D,"0.2942121741839733,0.040020934339281444,0.5756144786224857,0.8684183779203871"
"题目： 对津液不具有直接固摄作用的是
A. 肝
B. 肺
C. 肾
D. 脾",A,A,A,"0.7741043481182528,0.12038806011738168,0.41896950535302435,0.48722091299240333"
"题目： “一源三歧”的三条经脉是
A. 督、冲、带
B. 任、督、带
C. 冲、任、带
D. 冲、任、督",D,C,C,"0.20382312703566863,0.0061555368326747795,0.5508195674311183,0.20675186502012521"
"题目： 气的上升运动太过，称为
A. 气逆
B. 气脱
C. 气滞
D. 气不降",A,B,B,"0.3733230456014158,0.8223409195338083,0.1989050324829612,0.013480441145064748"
"题目： 水肿在什么情况下使用攻下逐水药最适宜？
A. 病久体虚肿甚，日久不消
B. 颜面浮肿，兼有表症
C. 病初体实肿甚，正气已虚
D. 病初体实肿甚，正气尚旺",D,C,C,"0.21777908568331794,0.045626453756641205,0.9299750376995737,0.06898473689289031"
"题目： 根据十二经脉流注次序，手少阳经应流注至
A. 足少阳经
B. 足厥阴经
C. 手厥阴经
D. 手少阴经",A,C,C,"0.8376493076589707,0.87831139354904,0.8901484713791823,0.838799480709817"
"题目： 患者气粗息涌，喉中痰鸣如吼，胸高胁胀，呛咳阵阵，咯痰色黄粘稠，心烦，汗出，面赤，口渴喜饮，不恶寒，舌质红，舌苔黄腻，脉滑数。此哮证的护治原则为
A. 清热宣肺，化痰平喘
B. 温肺散寒，化痰平喘
C. 开郁降气平喘
D. 补肾纳气平喘",A,A,A,"0.6361085881960851,0.40859812612074775,0.14607305379682023,0.35163553773855716"
"题目： 老年人用药时，不宜与麝香保心丸同时服用的药物是
A. 阿卡波糖
B. 地高辛
C. 复方维生素
D. 阿司匹林",B,C,C,"0.14978886049059792,0.15247017094318116,0.796776621491614,0.5176977154628063"
"题目： 肺的生理特性是
A. 喜燥恶湿
B. 不耐寒热
C. 喜润恶燥
D. 体阴用阳",B,C,C,"0.8970203811006768,0.0729096235248059,0.8992411334978284,0.20620117159383922"
"题目： 下列不是脾胃虚寒型胃痛主症的是
A. 神疲纳呆，四肢倦怠
B. 空腹痛甚，得食则缓
C. 胃痛隐隐，绵绵不休
D. 口干思饮，大便秘结",D,C,C,"0.17768267518604774,0.5493719299053533,0.7157180178510775,0.11352721018910461"
"题目： 下列不属于奇恒之腑的是
A. 筋
B. 脉
C. 髓
D. 骨",A,D,D,"0.520145293808702,0.7606761082473624,0.31537720934083446,0.8812904517753446"
"题目： 古代哲学精气概念的产生是源于
A. 水地说
B. 元气说
C. 五方说
D. 五材说",A,C,C,"0.3633635480610171,0.8432903221234453,0.9289156564554727,0.6526746057706622"
"题目： 某男，60岁。心悸、胸闷、气短已3年。近日加剧，面色淡白，神疲乏力，心悸时作，入夜不能安睡，舌淡苔白，脉弱。临床诊断最可能是
A. 心阳虚证
B. 血虚证
C. 气虚证
D. 心气虚证",D,A,A,"0.6440476967438814,0.5564807793243295,0.20189064927279288,0.11364070660371606"
"题目： 《素问·水热穴论》称“胃之关”是
A. 肺
B. 肾
C. 膀胱
D. 脾",B,A,A,"0.6979645219276143,0.20390178672178172,0.29407650591378287,0.229302956412896"
"题目： 川乌类有毒饮片宜先煎
A. 2.5～3h
B. 1～2h
C. 0.5～1h
D. 1.5～2.5h",B,C,C,"0.26213264346073484,0.16591817375460627,0.5760089079205546,0.5597906106644421"
"题目： 下列不是津所布散的主要部位的是
A. 皮肤
B. 孔窍
C. 肌肉
D. 关节",D,C,C,"0.6892667126540976,0.7481077054373004,0.8154300588492335,0.476625666546062"
"题目： 湿邪致病往往缠绵难愈，是由于
A. 湿性趋下
B. 湿性重浊
C. 湿性粘滞
D. 湿为阴邪",C,A,A,"0.8293246137141561,0.6024022846554251,0.6679479626395538,0.8162701383699894"
"题目： 与呼吸关系最密切的两脏是
A. 肺与肾
B. 肺与心
C. 肺与肝
D. 脾与肺",A,B,B,"0.09906149119959162,0.45838342193510195,0.37094414083007965,0.08947817348128484"
"题目： 易使人出现各种血证的是
A. 火邪
B. 暑邪
C. 燥邪
D. 风邪",A,D,D,"0.4701529301843005,0.2756001369551885,0.08068807643959619,0.9884172335166189"
"题目： 小肠的功能是
A. 运行水液
B. 受纳腐熟
C. 排泄糟粕
D. 受盛化物",D,A,A,"0.6612129335457608,0.06563313217472566,0.1030131623655689,0.5770736025466027"
"题目： 十二经中具有两条别络的经脉是
A. 足太阴脾经
B. 足少阴肾经
C. 手少阴心经
D. 手太阴肺经",A,A,A,"0.6168780746414647,0.4547214401832167,0.2252317076715712,0.08319891302331073"
"题目： 某男，38岁。口苦，胸胁痛而不能转侧，时欲太息、头痛。临床诊断最可能是
A. 手少阳三焦经病证
B. 足厥阴肝经病证
C. 手厥阴心包经病证
D. 足少阳胆经病证",D,D,D,"0.7822282603625791,0.6059981881496797,0.243886254314026,0.9041482625391891"
"题目： 宜后下的饮片是
A. 西红花
B. 雷丸
C. 阿胶
D. 砂仁",D,C,C,"0.4448009396386282,0.5555485582547285,0.9614841789185702,0.1440806530549612"
"题目： 下列不属于津液的排泄途径是
A. 尿
B. 粪
C. 汗
D. 呕吐物",D,A,A,"0.516974442056851,0.3278034094396636,0.0811448696371847,0.4806376970185212"
"题目： 既属腑，又归于奇恒之腑的是
A. 胆
B. 脉
C. 髓
D. 骨",A,A,A,"0.8385319717213483,0.483974384242026,0.2570359957991383,0.14481540608050059"
"题目： 与血液生成关系最为密切的脏腑是
A. 肺
B. 心
C. 脾
D. 肝",C,B,B,"0.04988408129080646,0.8018565517433907,0.7113491557214796,0.4710653683899858"
"题目： 不属于奇恒之腑特点的是
A. 泻而不藏
B. 地气之所生
C. 藏而不泻
D. 藏于阴而象于地",A,D,D,"0.41631736925376206,0.1279251607218833,0.16913431633230291,0.8739280953606913"
"题目： 患者，女，30岁。胃脘胀痛，牵连胁痛，嗳气频频，舌苔薄白，脉弦。用药宜首选
A. 陈皮、枳壳
B. 苍术、厚朴
C. 木香、砂仁
D. 柴胡、青皮",D,C,C,"0.10874102231347149,0.03587295222510156,0.7829929765805657,0.5504327548883251"
"题目： 枢折挈见于《素问·痿论》中痿证的
A. 骨痿
B. 肉痿
C. 筋痿
D. 脉痿",D,C,C,"0.3298005341729322,0.20548134633644388,0.6702875771361927,0.17361122247684613"
"题目： 阳虚寒凝所致的便秘，宜选用的中成药是
A. 桂附地黄丸与麻仁滋脾
B. 清宁丸
C. 槟榔四消丸
D. 麻仁润肠丸",A,D,D,"0.5125537347392888,0.48220952991568156,0.24221931216360892,0.8645227594120637"
"题目： 呕吐吞酸，嗳气频作，胸胁胀满，脉弦。证属
A. 肝郁化火
B. 饮食停滞
C. 胃阴不足
D. 肝气犯胃",D,D,D,"0.20758045304569717,0.8827838337254684,0.4015016261860881,0.9766215687372717"
"题目： 能调节十二经气血，主生殖功能的经脉是
A. 任脉
B. 带脉
C. 冲脉
D. 督脉",C,A,A,"0.7802919442765507,0.10956530039408852,0.4146151557191592,0.7495711229322513"
"题目： 根据病情和药效，驱虫药宜
A. 睡前服
B. 饭后服
C. 早餐后服
D. 空腹服",D,A,A,"0.8257688116452082,0.29968196967910765,0.771669638695778,0.06234916395536738"
"题目： 心虚的老年人宜选用的补益药为
A. 天王补心丹
B. 六味地黄丸
C. 龟龄集
D. 人参归脾丸",D,C,C,"0.1526238422374423,0.21813999367244186,0.9123288186185647,0.347215213258094"
"题目： 下列活血药中，哪一味不兼有行气作用
A. 郁金
B. 五灵脂
C. 玄胡
D. 三棱",B,A,A,"0.5696758719793729,0.16528066668245622,0.18586099801534361,0.20463884203277216"
"题目： 《素问·太阴阳明论》认为“伤于风者”
A. 腑先受之
B. 脏先受之
C. 上先受之
D. 下先受之",C,C,C,"0.468446443935558,0.4474730167399722,0.6627953445714236,0.10455011620039256"
"题目： 痰、饮、水、湿同源而异流，其中最清稀的是
A. 水
B. 湿
C. 饮
D. 痰",A,C,C,"0.8268155616809615,0.26711942840685676,0.9147577343668898,0.6420070102789094"
"题目： 下列药物其性属阳的是
A. 生姜
B. 黄芩
C. 麦冬
D. 黄柏",A,A,A,"0.9962185532014268,0.22366525789638914,0.5611552329911959,0.5509034889894743"
"题目： 患者，男，48岁，胃脘胀痛2周，连及胁肋，嗳气后疼痛减轻，每于情志刺激时胃痛加重，食欲不振，嘈杂吞酸，舌红，苔薄白，脉弦。针对此证应采用的治法是
A. 疏肝理气，和胃止痛
B. 导滞和胃
C. 疏肝泄热，和胃止痛
D. 温中散寒，和胃止痛",D,B,B,"0.3042040552788985,0.8276115343839977,0.171622540220967,0.369774077445176"
"题目： “虚则补之，实则泻之”属于
A. 反治
B. 标本兼顾
C. 治标
D. 正治",D,D,D,"0.43501492325222124,0.507621228087662,0.47695904449784676,0.6776165139706765"
"题目： 以下哪种说法是错误的?
A. 肺主气，司呼吸
B. 肺主升清
C. 肺主通调水道
D. 肺主治节",B,A,A,"0.8771271118527917,0.3079376327218254,0.2619424142423342,0.295355248255494"
